Corner,iBias,Pass/Fail,Max_Iout_Sin,Min_Iout_Sin,Max_Vout_Sin,Min_Vout_Sin
iBias_0,0.0002,,0.003366,-0.003452,1.459,0.1793
iBias_1,0.0003,,0.004347,-0.00443,1.639,0.1255
iBias_2,0.0004,,0.005096,-0.005141,1.78,0.1167
iBias_3,0.0005,,0.005698,-0.005691,1.898,0.1198
iBias_4,0.0006,,0.006198,-0.006134,2,0.1272
iBias_5,0.0007,,0.006626,-0.006501,2.091,0.1365
iBias_6,0.0008,,0.007001,-0.006817,2.172,0.1467
iBias_7,0.0009,,0.007334,-0.007092,2.245,0.1572
iBias_8,0.001,,0.007635,-0.007333,2.312,0.1678
